{
  "canonical_roles": {
    "condition": "canonical_roles",
    "n": 200,
    "first_task_success_tick": {
      "fresh": 11.75,
      "pretrained": 9.41,
      "delta": -2.34,
      "ci_low": -3.327891,
      "ci_high": -1.352109,
      "p": 3e-06,
      "d": -0.328283
    },
    "task_completion_rate": {
      "fresh": 0.5,
      "pretrained": 0.56,
      "delta": 0.06,
      "ci_low": -0.025242,
      "ci_high": 0.145242,
      "p": 0.16771,
      "d": 0.097552
    },
    "contradictions": {
      "fresh": 1.06,
      "pretrained": 1.125,
      "delta": 0.065,
      "ci_low": -0.127561,
      "ci_high": 0.257561,
      "p": 0.508221,
      "d": 0.046783
    },
    "reward": {
      "fresh": 2.5794,
      "pretrained": 2.963,
      "delta": 0.3836,
      "ci_low": 0.002271,
      "ci_high": 0.764929,
      "p": 0.048647,
      "d": 0.139418
    },
    "invalid_actions": {
      "fresh": 1.845,
      "pretrained": 1.755,
      "delta": -0.09,
      "ci_low": -0.348142,
      "ci_high": 0.168142,
      "p": 0.494389,
      "d": -0.04832
    },
    "final_energy": {
      "fresh": 97.0489,
      "pretrained": 139.8755,
      "delta": 42.8266,
      "ci_low": 40.750694,
      "ci_high": 44.902506,
      "p": 0.0,
      "d": 2.859217
    },
    "prediction_error": {
      "fresh": 0.368321,
      "pretrained": 0.428156,
      "delta": 0.059835,
      "ci_low": 0.009503,
      "ci_high": 0.110167,
      "p": 0.019802,
      "d": 0.164762
    },
    "transfer_uses": {
      "fresh": 2.675,
      "pretrained": 24.88,
      "delta": 22.205,
      "ci_low": 21.392429,
      "ci_high": 23.017571,
      "p": 0.0,
      "d": 3.787306
    },
    "transfer_strength": {
      "fresh": 10.475,
      "pretrained": 33.27344,
      "delta": 22.79844,
      "ci_low": 20.035115,
      "ci_high": 25.561764,
      "p": 0.0,
      "d": 1.143442
    },
    "transfer_precision": {
      "fresh": 0.424986,
      "pretrained": 0.840115,
      "delta": 0.415129,
      "ci_low": 0.353307,
      "ci_high": 0.476951,
      "p": 0.0,
      "d": 0.930636
    }
  },
  "shuffled_target_role_hints": {
    "condition": "shuffled_target_role_hints",
    "n": 200,
    "first_task_success_tick": {
      "fresh": 11.75,
      "pretrained": 10.055,
      "delta": -1.695,
      "ci_low": -2.718475,
      "ci_high": -0.671525,
      "p": 0.001171,
      "d": -0.229527
    },
    "task_completion_rate": {
      "fresh": 0.5,
      "pretrained": 0.57,
      "delta": 0.07,
      "ci_low": -0.019517,
      "ci_high": 0.159517,
      "p": 0.125358,
      "d": 0.108376
    },
    "contradictions": {
      "fresh": 1.07,
      "pretrained": 1.29,
      "delta": 0.22,
      "ci_low": 0.013375,
      "ci_high": 0.426625,
      "p": 0.0369,
      "d": 0.147564
    },
    "reward": {
      "fresh": 2.57145,
      "pretrained": 2.91195,
      "delta": 0.3405,
      "ci_low": -0.061339,
      "ci_high": 0.742339,
      "p": 0.09675,
      "d": 0.117437
    },
    "invalid_actions": {
      "fresh": 1.85,
      "pretrained": 2.12,
      "delta": 0.27,
      "ci_low": 0.008323,
      "ci_high": 0.531677,
      "p": 0.043141,
      "d": 0.143001
    },
    "final_energy": {
      "fresh": 97.05245,
      "pretrained": 139.59795,
      "delta": 42.5455,
      "ci_low": 40.448439,
      "ci_high": 44.642561,
      "p": 0.0,
      "d": 2.811795
    },
    "prediction_error": {
      "fresh": 0.365913,
      "pretrained": 0.436167,
      "delta": 0.070255,
      "ci_low": 0.01643,
      "ci_high": 0.12408,
      "p": 0.010519,
      "d": 0.180897
    },
    "transfer_uses": {
      "fresh": 2.68,
      "pretrained": 24.385,
      "delta": 21.705,
      "ci_low": 20.886452,
      "ci_high": 22.523548,
      "p": 0.0,
      "d": 3.674994
    },
    "transfer_strength": {
      "fresh": 14.279,
      "pretrained": 41.774799,
      "delta": 27.495799,
      "ci_low": 23.333778,
      "ci_high": 31.657819,
      "p": 0.0,
      "d": 0.915595
    },
    "transfer_precision": {
      "fresh": 0.403736,
      "pretrained": 0.797629,
      "delta": 0.393893,
      "ci_low": 0.330366,
      "ci_high": 0.45742,
      "p": 0.0,
      "d": 0.859333
    }
  },
  "shuffled_target_universal_ops": {
    "condition": "shuffled_target_universal_ops",
    "n": 200,
    "first_task_success_tick": {
      "fresh": 11.75,
      "pretrained": 9.35,
      "delta": -2.4,
      "ci_low": -3.375657,
      "ci_high": -1.424343,
      "p": 1e-06,
      "d": -0.340922
    },
    "task_completion_rate": {
      "fresh": 0.5,
      "pretrained": 0.565,
      "delta": 0.065,
      "ci_low": -0.019603,
      "ci_high": 0.149603,
      "p": 0.132103,
      "d": 0.10648
    },
    "contradictions": {
      "fresh": 1.075,
      "pretrained": 1.13,
      "delta": 0.055,
      "ci_low": -0.137621,
      "ci_high": 0.247621,
      "p": 0.575719,
      "d": 0.039573
    },
    "reward": {
      "fresh": 2.57575,
      "pretrained": 2.98535,
      "delta": 0.4096,
      "ci_low": 0.031142,
      "ci_high": 0.788058,
      "p": 0.033898,
      "d": 0.149997
    },
    "invalid_actions": {
      "fresh": 1.87,
      "pretrained": 1.76,
      "delta": -0.11,
      "ci_low": -0.372811,
      "ci_high": 0.152811,
      "p": 0.41201,
      "d": -0.058008
    },
    "final_energy": {
      "fresh": 97.03325,
      "pretrained": 139.89085,
      "delta": 42.8576,
      "ci_low": 40.780682,
      "ci_high": 44.934518,
      "p": 0.0,
      "d": 2.859892
    },
    "prediction_error": {
      "fresh": 0.369157,
      "pretrained": 0.430852,
      "delta": 0.061695,
      "ci_low": 0.011905,
      "ci_high": 0.111485,
      "p": 0.015156,
      "d": 0.171731
    },
    "transfer_uses": {
      "fresh": 2.675,
      "pretrained": 24.935,
      "delta": 22.26,
      "ci_low": 21.441872,
      "ci_high": 23.078128,
      "p": 0.0,
      "d": 3.770898
    },
    "transfer_strength": {
      "fresh": 15.1015,
      "pretrained": 46.232339,
      "delta": 31.130839,
      "ci_low": 26.856777,
      "ci_high": 35.404901,
      "p": 0.0,
      "d": 1.009464
    },
    "transfer_precision": {
      "fresh": 0.422837,
      "pretrained": 0.839877,
      "delta": 0.41704,
      "ci_low": 0.35534,
      "ci_high": 0.478739,
      "p": 0.0,
      "d": 0.936782
    }
  },
  "shuffled_source_roles": {
    "condition": "shuffled_source_roles",
    "n": 200,
    "first_task_success_tick": {
      "fresh": 11.75,
      "pretrained": 10.27,
      "delta": -1.48,
      "ci_low": -2.544866,
      "ci_high": -0.415134,
      "p": 0.006448,
      "d": -0.192623
    },
    "task_completion_rate": {
      "fresh": 0.5,
      "pretrained": 0.535,
      "delta": 0.035,
      "ci_low": -0.058594,
      "ci_high": 0.128594,
      "p": 0.463589,
      "d": 0.051827
    },
    "contradictions": {
      "fresh": 1.06,
      "pretrained": 1.195,
      "delta": 0.135,
      "ci_low": -0.060841,
      "ci_high": 0.330841,
      "p": 0.176665,
      "d": 0.095537
    },
    "reward": {
      "fresh": 2.5794,
      "pretrained": 2.778,
      "delta": 0.1986,
      "ci_low": -0.22766,
      "ci_high": 0.62486,
      "p": 0.361143,
      "d": 0.064572
    },
    "invalid_actions": {
      "fresh": 1.845,
      "pretrained": 1.915,
      "delta": 0.07,
      "ci_low": -0.184117,
      "ci_high": 0.324117,
      "p": 0.58926,
      "d": 0.038177
    },
    "final_energy": {
      "fresh": 97.0489,
      "pretrained": 139.2465,
      "delta": 42.1976,
      "ci_low": 40.244239,
      "ci_high": 44.150961,
      "p": 0.0,
      "d": 2.993962
    },
    "prediction_error": {
      "fresh": 0.368321,
      "pretrained": 0.411597,
      "delta": 0.043276,
      "ci_low": -0.01255,
      "ci_high": 0.099102,
      "p": 0.128666,
      "d": 0.107437
    },
    "transfer_uses": {
      "fresh": 2.675,
      "pretrained": 24.615,
      "delta": 21.94,
      "ci_low": 21.090569,
      "ci_high": 22.789431,
      "p": 0.0,
      "d": 3.579723
    },
    "transfer_strength": {
      "fresh": 10.475,