{
  "full": {
    "condition": "full",
    "n": 200,
    "reward": {
      "fresh": 27.8975,
      "pretrained": 27.695,
      "delta": -0.2025,
      "ci_low": -2.082608,
      "ci_high": 1.677608,
      "p": 0.832806,
      "d": -0.014927
    },
    "first_correct_tick": {
      "fresh": 1.08,
      "pretrained": 1.175,
      "delta": 0.095,
      "ci_low": 0.014465,
      "ci_high": 0.175535,
      "p": 0.020775,
      "d": 0.163486
    },
    "invalid_actions": {
      "fresh": 1.31,
      "pretrained": 1.645,
      "delta": 0.335,
      "ci_low": 0.094638,
      "ci_high": 0.575362,
      "p": 0.006301,
      "d": 0.193161
    },
    "final_energy": {
      "fresh": 120.2255,
      "pretrained": 163.192,
      "delta": 42.9665,
      "ci_low": 40.415098,
      "ci_high": 45.517902,
      "p": 0.0,
      "d": 2.333953
    },
    "prediction_error": {
      "fresh": 0.59125,
      "pretrained": 0.703125,
      "delta": 0.111875,
      "ci_low": 0.057418,
      "ci_high": 0.166332,
      "p": 5.7e-05,
      "d": 0.284721
    },
    "transfer_uses": {
      "fresh": 9.875,
      "pretrained": 24.16,
      "delta": 14.285,
      "ci_low": 13.257273,
      "ci_high": 15.312727,
      "p": 0.0,
      "d": 1.926387
    },
    "transfer_strength": {
      "fresh": 19.105311,
      "pretrained": 31.695495,
      "delta": 12.590184,
      "ci_low": 9.458092,
      "ci_high": 15.722276,
      "p": 0.0,
      "d": 0.557107
    },
    "transfer_precision": {
      "fresh": 0.857997,
      "pretrained": 0.860462,
      "delta": 0.002465,
      "ci_low": -0.032037,
      "ci_high": 0.036967,
      "p": 0.888626,
      "d": 0.009903
    }
  },
  "no_action_role": {
    "condition": "no_action_role",
    "n": 200,
    "reward": {
      "fresh": 27.8975,
      "pretrained": 26.67,
      "delta": -1.2275,
      "ci_low": -3.067465,
      "ci_high": 0.612465,
      "p": 0.191016,
      "d": -0.09246
    },
    "first_correct_tick": {
      "fresh": 1.08,
      "pretrained": 1.165,
      "delta": 0.085,
      "ci_low": 0.006677,
      "ci_high": 0.163323,
      "p": 0.033413,
      "d": 0.150408
    },
    "invalid_actions": {
      "fresh": 1.31,
      "pretrained": 1.645,
      "delta": 0.335,
      "ci_low": 0.095442,
      "ci_high": 0.574558,
      "p": 0.006128,
      "d": 0.19381
    },
    "final_energy": {
      "fresh": 120.2255,
      "pretrained": 162.2615,
      "delta": 42.036,
      "ci_low": 39.510281,
      "ci_high": 44.561719,
      "p": 0.0,
      "d": 2.306627
    },
    "prediction_error": {
      "fresh": 0.59125,
      "pretrained": 0.675833,
      "delta": 0.084583,
      "ci_low": 0.029959,
      "ci_high": 0.139207,
      "p": 0.002406,
      "d": 0.214606
    },
    "transfer_uses": {
      "fresh": 9.875,
      "pretrained": 23.975,
      "delta": 14.1,
      "ci_low": 13.090693,
      "ci_high": 15.109307,
      "p": 0.0,
      "d": 1.936142
    },
    "transfer_strength": {
      "fresh": 9.92593,
      "pretrained": 12.076472,
      "delta": 2.150542,
      "ci_low": 0.654122,
      "ci_high": 3.646963,
      "p": 0.004851,
      "d": 0.199175
    },
    "transfer_precision": {
      "fresh": 0.857997,
      "pretrained": 0.859342,
      "delta": 0.001345,
      "ci_low": -0.033865,
      "ci_high": 0.036556,
      "p": 0.940316,
      "d": 0.005294
    }
  },
  "no_prior_decay": {
    "condition": "no_prior_decay",
    "n": 200,
    "reward": {
      "fresh": 27.8975,
      "pretrained": 27.595,
      "delta": -0.3025,
      "ci_low": -2.198976,
      "ci_high": 1.593976,
      "p": 0.75456,
      "d": -0.022106
    },
    "first_correct_tick": {
      "fresh": 1.08,
      "pretrained": 1.175,
      "delta": 0.095,
      "ci_low": 0.014465,
      "ci_high": 0.175535,
      "p": 0.020775,
      "d": 0.163486
    },
    "invalid_actions": {
      "fresh": 1.31,
      "pretrained": 1.645,
      "delta": 0.335,
      "ci_low": 0.095039,
      "ci_high": 0.574961,
      "p": 0.006214,
      "d": 0.193484
    },
    "final_energy": {
      "fresh": 120.2255,
      "pretrained": 163.9285,
      "delta": 43.703,
      "ci_low": 41.095525,
      "ci_high": 46.310475,
      "p": 0.0,
      "d": 2.322909
    },
    "prediction_error": {
      "fresh": 0.59125,
      "pretrained": 0.698333,
      "delta": 0.107083,
      "ci_low": 0.053012,
      "ci_high": 0.161154,
      "p": 0.000104,
      "d": 0.274473
    },
    "transfer_uses": {
      "fresh": 9.875,
      "pretrained": 24.2,
      "delta": 14.325,
      "ci_low": 13.288989,
      "ci_high": 15.361011,
      "p": 0.0,
      "d": 1.916334
    },
    "transfer_strength": {
      "fresh": 19.105311,
      "pretrained": 31.967089,
      "delta": 12.861778,
      "ci_low": 9.702744,
      "ci_high": 16.020812,
      "p": 0.0,
      "d": 0.564271
    },
    "transfer_precision": {
      "fresh": 0.857997,
      "pretrained": 0.861201,
      "delta": 0.003204,
      "ci_low": -0.031236,
      "ci_high": 0.037643,
      "p": 0.85532,
      "d": 0.012893
    }
  },
  "no_pattern_transfer": {
    "condition": "no_pattern_transfer",
    "n": 200,
    "reward": {
      "fresh": 27.8975,
      "pretrained": 26.67,
      "delta": -1.2275,
      "ci_low": -3.067465,
      "ci_high": 0.612465,
      "p": 0.191016,
      "d": -0.09246
    },
    "first_correct_tick": {
      "fresh": 1.08,
      "pretrained": 1.165,
      "delta": 0.085,
      "ci_low": 0.006677,
      "ci_high": 0.163323,
      "p": 0.033413,
      "d": 0.150408
    },
    "invalid_actions": {
      "fresh": 1.31,
      "pretrained": 1.645,
      "delta": 0.335,
      "ci_low": 0.095442,
      "ci_high": 0.574558,
      "p": 0.006128,
      "d": 0.19381
    },
    "final_energy": {
      "fresh": 120.2255,
      "pretrained": 162.3195,
      "delta": 42.094,
      "ci_low": 39.573524,
      "ci_high": 44.614476,
      "p": 0.0,
      "d": 2.314615
    },
    "prediction_error": {
      "fresh": 0.59125,
      "pretrained": 0.675833,
      "delta": 0.084583,
      "ci_low": 0.029959,
      "ci_high": 0.139207,
      "p": 0.002406,
      "d": 0.214606
    },
    "transfer_uses": {
      "fresh": 0.0,
      "pretrained": 0.0,
      "delta": 0.0,
      "ci_low": 0.0,
      "ci_high": 0.0,
      "p": 1.0,
      "d": 0.0
    },
    "transfer_strength": {
      "fresh": 0.0,
      "pretrained": 0.0,
      "delta": 0.0,
      "ci_low": 0.0,
      "ci_high": 0.0,
      "p": 1.0,
      "d": 0.0
    },
    "transfer_precision": {
      "fresh": 0.0,
      "pretrained": 0.0,
      "delta": 0.0,
      "ci_low": 0.0,
      "ci_high": 0.0,
      "p": 1.0,
      "d": 0.0
    }
  },
  "no_prediction": {
    "condition": "no_prediction",
    "n": 200,
    "reward": {
      "fresh": 26.22,
      "pretrained": 26.8625,
      "delta": 0.6425,
      "ci_low": -1.004818,
      "ci_high": 2.289818,
      "p": 0.444596,
      "d": 0.054055
    },
    "first_correct_tick": {
      "fresh": 1.08,
      "pretrained": 1.365,
      "delta": 0.285,
      "ci_low": 0.182544,
      "ci_high": 0.387456,
      "p": 0.0,
      "d": 0.38552
    },
    "invalid_actions": {
      "fresh": 1.795,
      "pretrained": 2.525,
      "delta": 0.73,
      "ci_low": 0.448423,
      "ci_high": 1.011577,
      "p": 0.0,
      "d": 0.359308
    },
    "final_energy": {
      "fresh": 117.0235,
      "pretrained": 156.902,
      "delta": 39.8785,
      "ci_low": 37.405062,
      "ci_high": 42.351938,
      "p": 0.0,
      "d": 2.234492
    },
    "prediction_error": {
      "fresh": 2.63375,
      "pretrained": 2.869792,
      "delta": 0.236042,
      "ci_low": 0.115473,
      "ci_high": 0.35661,
      "p": 0.000125,
      "d": 0.271328
    },
    "transfer_uses": {
      "fresh": 7.85,
      "pretrained": 17.005,
      "delta": 9.155,
      "ci_low": 8.211318,
      "ci_high": 10.098682,
      "p": 0.0,
      "d": 1.34454
    },
    "transfer_strength": {
      "fresh": 17.16675,
      "pretrained": 24.756056,
      "delta": 7.589306,
      "ci_low": 4.415381,