{
  "full": {
    "condition": "full",
    "n": 5,
    "reward": {
      "fresh": 4.1,
      "pretrained": 3.9,
      "delta": -0.2,
      "ci_low": -2.168,
      "ci_high": 1.768,
      "p": 0.802587,
      "d": -0.111803
    },
    "first_correct_tick": {
      "fresh": 1.0,
      "pretrained": 1.2,
      "delta": 0.2,
      "ci_low": -0.292,
      "ci_high": 0.692,
      "p": 0.317311,
      "d": 0.447214
    },
    "invalid_actions": {
      "fresh": 0.6,
      "pretrained": 0.4,
      "delta": -0.2,
      "ci_low": -1.120448,
      "ci_high": 0.720448,
      "p": 0.59298,
      "d": -0.239046
    },
    "final_energy": {
      "fresh": 101.48,
      "pretrained": 106.94,
      "delta": 5.46,
      "ci_low": 0.547632,
      "ci_high": 10.372368,
      "p": 0.006253,
      "d": 1.22279
    },
    "prediction_error": {
      "fresh": 1.366667,
      "pretrained": 1.3,
      "delta": -0.066667,
      "ci_low": -1.631127,
      "ci_high": 1.497794,
      "p": 0.916512,
      "d": -0.046881
    },
    "transfer_uses": {
      "fresh": 0.8,
      "pretrained": 3.6,
      "delta": 2.8,
      "ci_low": -0.047656,
      "ci_high": 5.647656,
      "p": 0.01557,
      "d": 1.081734
    },
    "transfer_strength": {
      "fresh": 0.975,
      "pretrained": 4.0492,
      "delta": 3.0742,
      "ci_low": -0.06525,
      "ci_high": 6.21365,
      "p": 0.016002,
      "d": 1.07728
    },
    "transfer_precision": {
      "fresh": 0.6,
      "pretrained": 0.866667,
      "delta": 0.266667,
      "ci_low": -0.335908,
      "ci_high": 0.869241,
      "p": 0.276303,
      "d": 0.486864
    }
  },
  "no_action_role": {
    "condition": "no_action_role",
    "n": 5,
    "reward": {
      "fresh": 4.1,
      "pretrained": 3.9,
      "delta": -0.2,
      "ci_low": -2.168,
      "ci_high": 1.768,
      "p": 0.802587,
      "d": -0.111803
    },
    "first_correct_tick": {
      "fresh": 1.0,
      "pretrained": 1.2,
      "delta": 0.2,
      "ci_low": -0.292,
      "ci_high": 0.692,
      "p": 0.317311,
      "d": 0.447214
    },
    "invalid_actions": {
      "fresh": 0.6,
      "pretrained": 0.4,
      "delta": -0.2,
      "ci_low": -1.120448,
      "ci_high": 0.720448,
      "p": 0.59298,
      "d": -0.239046
    },
    "final_energy": {
      "fresh": 101.48,
      "pretrained": 106.94,
      "delta": 5.46,
      "ci_low": 0.547632,
      "ci_high": 10.372368,
      "p": 0.006253,
      "d": 1.22279
    },
    "prediction_error": {
      "fresh": 1.366667,
      "pretrained": 1.3,
      "delta": -0.066667,
      "ci_low": -1.631127,
      "ci_high": 1.497794,
      "p": 0.916512,
      "d": -0.046881
    },
    "transfer_uses": {
      "fresh": 0.8,
      "pretrained": 3.6,
      "delta": 2.8,
      "ci_low": -0.047656,
      "ci_high": 5.647656,
      "p": 0.01557,
      "d": 1.081734
    },
    "transfer_strength": {
      "fresh": 0.4875,
      "pretrained": 1.9694,
      "delta": 1.4819,
      "ci_low": -0.281082,
      "ci_high": 3.244882,
      "p": 0.03866,
      "d": 0.924743
    },
    "transfer_precision": {
      "fresh": 0.6,
      "pretrained": 0.866667,
      "delta": 0.266667,
      "ci_low": -0.335908,
      "ci_high": 0.869241,
      "p": 0.276303,
      "d": 0.486864
    }
  },
  "no_prior_decay": {
    "condition": "no_prior_decay",
    "n": 5,
    "reward": {
      "fresh": 4.1,
      "pretrained": 3.9,
      "delta": -0.2,
      "ci_low": -2.168,
      "ci_high": 1.768,
      "p": 0.802587,
      "d": -0.111803
    },
    "first_correct_tick": {
      "fresh": 1.0,
      "pretrained": 1.2,
      "delta": 0.2,
      "ci_low": -0.292,
      "ci_high": 0.692,
      "p": 0.317311,
      "d": 0.447214
    },
    "invalid_actions": {
      "fresh": 0.6,
      "pretrained": 0.4,
      "delta": -0.2,
      "ci_low": -1.120448,
      "ci_high": 0.720448,
      "p": 0.59298,
      "d": -0.239046
    },
    "final_energy": {
      "fresh": 101.48,
      "pretrained": 106.94,
      "delta": 5.46,
      "ci_low": 0.547632,
      "ci_high": 10.372368,
      "p": 0.006253,
      "d": 1.22279
    },
    "prediction_error": {
      "fresh": 1.366667,
      "pretrained": 1.3,
      "delta": -0.066667,
      "ci_low": -1.631127,
      "ci_high": 1.497794,
      "p": 0.916512,
      "d": -0.046881
    },
    "transfer_uses": {
      "fresh": 0.8,
      "pretrained": 3.6,
      "delta": 2.8,
      "ci_low": -0.047656,
      "ci_high": 5.647656,
      "p": 0.01557,
      "d": 1.081734
    },
    "transfer_strength": {
      "fresh": 0.975,
      "pretrained": 4.0492,
      "delta": 3.0742,
      "ci_low": -0.06525,
      "ci_high": 6.21365,
      "p": 0.016002,
      "d": 1.07728
    },
    "transfer_precision": {
      "fresh": 0.6,
      "pretrained": 0.866667,
      "delta": 0.266667,
      "ci_low": -0.335908,
      "ci_high": 0.869241,
      "p": 0.276303,
      "d": 0.486864
    }
  },
  "no_pattern_transfer": {
    "condition": "no_pattern_transfer",
    "n": 5,
    "reward": {
      "fresh": 4.1,
      "pretrained": 3.9,
      "delta": -0.2,
      "ci_low": -2.168,
      "ci_high": 1.768,
      "p": 0.802587,
      "d": -0.111803
    },
    "first_correct_tick": {
      "fresh": 1.0,
      "pretrained": 1.2,
      "delta": 0.2,
      "ci_low": -0.292,
      "ci_high": 0.692,
      "p": 0.317311,
      "d": 0.447214
    },
    "invalid_actions": {
      "fresh": 0.6,
      "pretrained": 0.4,
      "delta": -0.2,
      "ci_low": -1.120448,
      "ci_high": 0.720448,
      "p": 0.59298,
      "d": -0.239046
    },
    "final_energy": {
      "fresh": 101.48,
      "pretrained": 106.94,
      "delta": 5.46,
      "ci_low": 0.547632,
      "ci_high": 10.372368,
      "p": 0.006253,
      "d": 1.22279
    },
    "prediction_error": {
      "fresh": 1.366667,
      "pretrained": 1.3,
      "delta": -0.066667,
      "ci_low": -1.631127,
      "ci_high": 1.497794,
      "p": 0.916512,
      "d": -0.046881
    },
    "transfer_uses": {
      "fresh": 0.0,
      "pretrained": 0.0,
      "delta": 0.0,
      "ci_low": 0.0,
      "ci_high": 0.0,
      "p": 1.0,
      "d": 0.0
    },
    "transfer_strength": {
      "fresh": 0.0,
      "pretrained": 0.0,
      "delta": 0.0,
      "ci_low": 0.0,
      "ci_high": 0.0,
      "p": 1.0,
      "d": 0.0
    },
    "transfer_precision": {
      "fresh": 0.0,
      "pretrained": 0.0,
      "delta": 0.0,
      "ci_low": 0.0,
      "ci_high": 0.0,
      "p": 1.0,
      "d": 0.0
    }
  },
  "no_prediction": {
    "condition": "no_prediction",
    "n": 5,
    "reward": {
      "fresh": 4.1,
      "pretrained": 4.9,
      "delta": 0.8,
      "ci_low": -3.081815,
      "ci_high": 4.681815,
      "p": 0.612169,
      "d": 0.226728
    },
    "first_correct_tick": {
      "fresh": 1.0,
      "pretrained": 1.2,
      "delta": 0.2,
      "ci_low": -0.292,
      "ci_high": 0.692,
      "p": 0.317311,
      "d": 0.447214
    },
    "invalid_actions": {
      "fresh": 0.6,
      "pretrained": 0.4,
      "delta": -0.2,
      "ci_low": -1.120448,
      "ci_high": 0.720448,
      "p": 0.59298,
      "d": -0.239046
    },
    "final_energy": {
      "fresh": 101.48,
      "pretrained": 107.86,
      "delta": 6.38,
      "ci_low": 0.082016,
      "ci_high": 12.677984,
      "p": 0.012701,
      "d": 1.114472
    },
    "prediction_error": {
      "fresh": 1.966667,
      "pretrained": 2.033333,
      "delta": 0.066667,
      "ci_low": -0.808854,
      "ci_high": 0.942187,
      "p": 0.851412,
      "d": 0.083771
    },
    "transfer_uses": {
      "fresh": 0.8,
      "pretrained": 3.8,
      "delta": 3.0,
      "ci_low": 0.41993,
      "ci_high": 5.58007,
      "p": 0.004231,
      "d": 1.279204
    },
    "transfer_strength": {
      "fresh": 0.975,
      "pretrained": 4.8332,
      "delta": 3.8582,
      "ci_low": 1.128254,
      "ci_high": 6.588146,
      "p": 0.000508,
      "d": 1.554822
    },
    "transfer_precision": {
      "fresh": 0.6,
      "pretrained": 0.866667,
      "delta": 0.266667,
      "ci_low": -0.335908,