{
  "full": {
    "condition": "full",
    "n": 1000,
    "first_task_success_tick": {
      "fresh": 11.5,
      "pretrained": 9.718,
      "delta": -1.782,
      "ci_low": -2.245117,
      "ci_high": -1.318883,
      "p": 0.0,
      "d": -0.238491
    },
    "task_completion_rate": {
      "fresh": 0.519,
      "pretrained": 0.544,
      "delta": 0.025,
      "ci_low": -0.015964,
      "ci_high": 0.065964,
      "p": 0.23163,
      "d": 0.037826
    },
    "contradictions": {
      "fresh": 0.997,
      "pretrained": 1.02,
      "delta": 0.023,
      "ci_low": -0.061901,
      "ci_high": 0.107901,
      "p": 0.595438,
      "d": 0.016791
    },
    "reward": {
      "fresh": 2.6781,
      "pretrained": 2.8959,
      "delta": 0.2178,
      "ci_low": 0.033309,
      "ci_high": 0.402291,
      "p": 0.020675,
      "d": 0.073171
    },
    "invalid_actions": {
      "fresh": 1.705,
      "pretrained": 1.691,
      "delta": -0.014,
      "ci_low": -0.126133,
      "ci_high": 0.098133,
      "p": 0.806682,
      "d": -0.007738
    },
    "final_energy": {
      "fresh": 97.3011,
      "pretrained": 140.6031,
      "delta": 43.302,
      "ci_low": 42.451422,
      "ci_high": 44.152578,
      "p": 0.0,
      "d": 3.155368
    },
    "prediction_error": {
      "fresh": 0.372588,
      "pretrained": 0.397786,
      "delta": 0.025198,
      "ci_low": 0.001714,
      "ci_high": 0.048681,
      "p": 0.03546,
      "d": 0.066505
    },
    "transfer_uses": {
      "fresh": 2.791,
      "pretrained": 24.213,
      "delta": 21.422,
      "ci_low": 21.021931,
      "ci_high": 21.822069,
      "p": 0.0,
      "d": 3.318805
    },
    "transfer_strength": {
      "fresh": 10.989,
      "pretrained": 31.90811,
      "delta": 20.91911,
      "ci_low": 19.628062,
      "ci_high": 22.210159,
      "p": 0.0,
      "d": 1.004285
    },
    "transfer_precision": {
      "fresh": 0.46118,
      "pretrained": 0.849162,
      "delta": 0.387982,
      "ci_low": 0.359439,
      "ci_high": 0.416524,
      "p": 0.0,
      "d": 0.842508
    }
  },
  "no_action_role": {
    "condition": "no_action_role",
    "n": 1000,
    "first_task_success_tick": {
      "fresh": 11.5,
      "pretrained": 11.707,
      "delta": 0.207,
      "ci_low": -0.24761,
      "ci_high": 0.66161,
      "p": 0.372148,
      "d": 0.028222
    },
    "task_completion_rate": {
      "fresh": 0.519,
      "pretrained": 0.502,
      "delta": -0.017,
      "ci_low": -0.061055,
      "ci_high": 0.027055,
      "p": 0.449452,
      "d": -0.023917
    },
    "contradictions": {
      "fresh": 0.997,
      "pretrained": 1.025,
      "delta": 0.028,
      "ci_low": -0.057819,
      "ci_high": 0.113819,
      "p": 0.522506,
      "d": 0.020222
    },
    "reward": {
      "fresh": 2.66184,
      "pretrained": 2.57219,
      "delta": -0.08965,
      "ci_low": -0.287979,
      "ci_high": 0.108679,
      "p": 0.375631,
      "d": -0.028017
    },
    "invalid_actions": {
      "fresh": 1.705,
      "pretrained": 1.702,
      "delta": -0.003,
      "ci_low": -0.112482,
      "ci_high": 0.106482,
      "p": 0.957168,
      "d": -0.001698
    },
    "final_energy": {
      "fresh": 97.33904,
      "pretrained": 139.93839,
      "delta": 42.59935,
      "ci_low": 41.771663,
      "ci_high": 43.427037,
      "p": 0.0,
      "d": 3.190018
    },
    "prediction_error": {
      "fresh": 0.369449,
      "pretrained": 0.358498,
      "delta": -0.010952,
      "ci_low": -0.035868,
      "ci_high": 0.013965,
      "p": 0.388978,
      "d": -0.027242
    },
    "transfer_uses": {
      "fresh": 2.791,
      "pretrained": 23.772,
      "delta": 20.981,
      "ci_low": 20.6017,
      "ci_high": 21.3603,
      "p": 0.0,
      "d": 3.428465
    },
    "transfer_strength": {
      "fresh": 5.757,
      "pretrained": 8.710785,
      "delta": 2.953785,
      "ci_low": 2.35352,
      "ci_high": 3.55405,
      "p": 0.0,
      "d": 0.304994
    },
    "transfer_precision": {
      "fresh": 0.461345,
      "pretrained": 0.812617,
      "delta": 0.351273,
      "ci_low": 0.319869,
      "ci_high": 0.382677,
      "p": 0.0,
      "d": 0.693287
    }
  },
  "no_prior_decay": {
    "condition": "no_prior_decay",
    "n": 1000,
    "first_task_success_tick": {
      "fresh": 11.5,
      "pretrained": 9.88,
      "delta": -1.62,
      "ci_low": -2.084217,
      "ci_high": -1.155783,
      "p": 0.0,
      "d": -0.216297
    },
    "task_completion_rate": {
      "fresh": 0.519,
      "pretrained": 0.514,
      "delta": -0.005,
      "ci_low": -0.046086,
      "ci_high": 0.036086,
      "p": 0.811474,
      "d": -0.007543
    },
    "contradictions": {
      "fresh": 0.997,
      "pretrained": 1.018,
      "delta": 0.021,
      "ci_low": -0.063903,
      "ci_high": 0.105903,
      "p": 0.627826,
      "d": 0.01533
    },
    "reward": {
      "fresh": 2.67816,
      "pretrained": 2.77276,
      "delta": 0.0946,
      "ci_low": -0.089811,
      "ci_high": 0.279011,
      "p": 0.31468,
      "d": 0.031795
    },
    "invalid_actions": {
      "fresh": 1.705,
      "pretrained": 1.686,
      "delta": -0.019,
      "ci_low": -0.130976,
      "ci_high": 0.092976,
      "p": 0.739458,
      "d": -0.010517
    },
    "final_energy": {
      "fresh": 97.30096,
      "pretrained": 140.51296,
      "delta": 43.212,
      "ci_low": 42.346775,
      "ci_high": 44.077225,
      "p": 0.0,
      "d": 3.095506
    },
    "prediction_error": {
      "fresh": 0.372589,
      "pretrained": 0.385271,
      "delta": 0.012682,
      "ci_low": -0.011045,
      "ci_high": 0.036409,
      "p": 0.294823,
      "d": 0.033128
    },
    "transfer_uses": {
      "fresh": 2.791,
      "pretrained": 24.154,
      "delta": 21.363,
      "ci_low": 20.962023,
      "ci_high": 21.763977,
      "p": 0.0,
      "d": 3.302163
    },
    "transfer_strength": {
      "fresh": 10.989,
      "pretrained": 31.647989,
      "delta": 20.658989,
      "ci_low": 19.363679,
      "ci_high": 21.954299,
      "p": 0.0,
      "d": 0.988533
    },
    "transfer_precision": {
      "fresh": 0.46118,
      "pretrained": 0.849529,
      "delta": 0.388348,
      "ci_low": 0.359832,
      "ci_high": 0.416864,
      "p": 0.0,
      "d": 0.844095
    }
  },
  "no_pattern_transfer": {
    "condition": "no_pattern_transfer",
    "n": 1000,
    "first_task_success_tick": {
      "fresh": 11.5,
      "pretrained": 11.668,
      "delta": 0.168,
      "ci_low": -0.289114,
      "ci_high": 0.625114,
      "p": 0.471312,
      "d": 0.022779
    },
    "task_completion_rate": {
      "fresh": 0.519,
      "pretrained": 0.502,
      "delta": -0.017,
      "ci_low": -0.061055,
      "ci_high": 0.027055,
      "p": 0.449452,
      "d": -0.023917
    },
    "contradictions": {
      "fresh": 0.994,
      "pretrained": 1.029,
      "delta": 0.035,
      "ci_low": -0.050697,
      "ci_high": 0.120697,
      "p": 0.423423,
      "d": 0.025314
    },
    "reward": {
      "fresh": 2.63838,
      "pretrained": 2.55232,
      "delta": -0.08606,
      "ci_low": -0.282573,
      "ci_high": 0.110453,
      "p": 0.390698,
      "d": -0.027143
    },
    "invalid_actions": {
      "fresh": 1.699,
      "pretrained": 1.707,
      "delta": 0.008,
      "ci_low": -0.101428,
      "ci_high": 0.117428,
      "p": 0.886061,
      "d": 0.004531
    },
    "final_energy": {
      "fresh": 97.39978,
      "pretrained": 139.92582,
      "delta": 42.52604,
      "ci_low": 41.701682,
      "ci_high": 43.350398,
      "p": 0.0,
      "d": 3.197385
    },
    "prediction_error": {
      "fresh": 0.355868,
      "pretrained": 0.34756,
      "delta": -0.008308,
      "ci_low": -0.032046,
      "ci_high": 0.01543,
      "p": 0.492724,
      "d": -0.021693
    },
    "transfer_uses": {
      "fresh": 0.0,
      "pretrained": 0.0,
      "delta": 0.0,
      "ci_low": 0.0,
      "ci_high": 0.0,
      "p": 1.0,
      "d": 0.0
    },
    "transfer_strength": {
      "fresh": 0.0,
      "pretrained": 0.0,
      "delta": 0.0,
      "ci_low": 0.0,