{
  "repair_enabled": {
    "tick": [
      0.0,
      1.0,
      2.0,
      3.0,
      4.0,
      5.0,
      6.0,
      7.0,
      8.0,
      9.0,
      10.0,
      11.0,
      12.0,
      13.0,
      14.0,
      15.0,
      16.0,
      17.0,
      18.0,
      19.0,
      20.0,
      21.0,
      22.0,
      23.0,
      24.0,
      25.0,
      26.0,
      27.0,
      28.0,
      29.0,
      30.0,
      31.0,
      32.0,
      33.0,
      34.0,
      35.0,
      36.0,
      37.0,
      38.0,
      39.0,
      40.0,
      41.0,
      42.0,
      43.0,
      44.0,
      45.0,
      46.0,
      47.0,
      48.0,
      49.0,
      50.0,
      51.0,
      52.0,
      53.0,
      54.0,
      55.0,
      56.0,
      57.0,
      58.0,
      59.0,
      60.0,
      61.0,
      62.0,
      63.0,
      64.0,
      65.0,
      66.0,
      67.0,
      68.0,
      69.0,
      70.0,
      71.0,
      72.0,
      73.0,
      74.0,
      75.0,
      76.0,
      77.0,
      78.0,
      79.0,
      80.0,
      81.0,
      82.0,
      83.0,
      84.0,
      85.0,
      86.0,
      87.0,
      88.0,
      89.0,
      90.0,
      91.0,
      92.0,
      93.0,
      94.0,
      95.0,
      96.0,
      97.0,
      98.0,
      99.0
    ],
    "semantic_success_rate": [
      0.98515,
      0.985625,
      0.984675,
      0.9853999999999999,
      0.9849249999999999,
      0.9848,
      0.984425,
      0.9854999999999999,
      0.98465,
      0.9849249999999999,
      0.9859,
      0.985825,
      0.9839749999999999,
      0.985425,
      0.98415,
      0.9859749999999999,
      0.9843500000000001,
      0.98515,
      0.985475,
      0.98545,
      0.984725,
      0.9848,
      0.9852500000000001,
      0.9859,
      0.9847,
      0.984375,
      0.9850249999999999,
      0.986075,
      0.9849249999999999,
      0.9851000000000001,
      0.9845,
      0.9845999999999999,
      0.9859749999999999,
      0.9858499999999999,
      0.9848,
      0.9848250000000001,
      0.9858,
      0.9853000000000001,
      0.985525,
      0.985525,
      0.98465,
      0.9852249999999999,
      0.9843999999999999,
      0.9848,
      0.985325,
      0.9847,
      0.9848,
      0.98515,
      0.9854999999999999,
      0.985275,
      0.9852249999999999,
      0.985525,
      0.985175,
      0.98455,
      0.98575,
      0.9852500000000001,
      0.9843999999999999,
      0.984675,
      0.984575,
      0.984675,
      0.985125,
      0.9853749999999999,
      0.985175,
      0.98575,
      0.9843500000000001,
      0.9848,
      0.984525,
      0.985625,
      0.985925,
      0.98575,
      0.985425,
      0.9849249999999999,
      0.9856,
      0.984725,
      0.9850249999999999,
      0.9845999999999999,
      0.985825,
      0.986,
      0.9839,
      0.986075,
      0.984225,
      0.984075,
      0.9858,
      0.9854999999999999,
      0.9853999999999999,
      0.98485,
      0.985925,
      0.985275,
      0.983875,
      0.9846250000000001,
      0.9854999999999999,
      0.9850749999999999,
      0.985,
      0.985125,
      0.9853999999999999,
      0.98515,
      0.9852500000000001,
      0.98375,
      0.985825,
      0.9852500000000001
    ],
    "lexicon_divergence": [
      0.8789127667529537,
      0.8789127667529537,
      0.8788644092928262,
      0.8786455147159836,
      0.8778626849196316,
      0.8756876440979039,
      0.8710602454605172,
      0.8634104860491085,
      0.8544477064056584,
      0.8439479098497542,
      0.833232585772659,
      0.8222664196417255,
      0.8146085177079407,
      0.8065623339041957,
      0.801333202495397,
      0.7969400431591238,
      0.7935693489263653,
      0.7915863833358047,
      0.7897834609591793,
      0.7887937080729768,
      0.7879024729900062,
      0.7874304108052556,
      0.7871007403860938,
      0.786804862696238,
      0.786804862696238,
      0.7866971883580899,
      0.7864859940293047,
      0.7864505386045039,
      0.7863994107849551,
      0.78636660833199,
      0.7863285643584197,
      0.7862853293770269,
      0.7862853293770269,
      0.7862853293770269,
      0.7862403817807635,
      0.7862403817807635,
      0.7862403817807635,
      0.7862403817807635,
      0.7862403817807635,
      0.7862403817807635,
      0.7862403817807635,
      0.7862403817807635,
      0.7862403817807635,
      0.7862403817807635,
      0.7862403817807635,
      0.7862403817807635,
      0.7862403817807635,
      0.7862403817807635,
      0.7862403817807635,
      0.7862403817807635,
      0.7862403817807635,
      0.7862403817807635,
      0.7862403817807635,
      0.7862403817807635,
      0.7862403817807635,
      0.7862403817807635,
      0.7862403817807635,
      0.7862403817807635,
      0.7862403817807635,
      0.7862403817807635,
      0.7862403817807635,
      0.7862403817807635,
      0.7862403817807635,
      0.7862403817807635,
      0.7862403817807635,
      0.7862403817807635,
      0.7862403817807635,
      0.7862403817807635,
      0.7862403817807635,
      0.7862403817807635,
      0.7862403817807635,
      0.7862403817807635,
      0.7862403817807635,
      0.7862403817807635,
      0.7862403817807635,
      0.7862403817807635,
      0.7862403817807635,
      0.7862403817807635,
      0.7862403817807635,
      0.7862403817807635,
      0.7862403817807635,
      0.7862403817807635,
      0.7862403817807635,
      0.7862403817807635,
      0.7862403817807635,
      0.7862403817807635,
      0.7862403817807635,
      0.7862403817807635,
      0.7862403817807635,
      0.7862403817807635,
      0.7862403817807635,
      0.7862403817807635,
      0.7862403817807635,
      0.7862403817807635,
      0.7862403817807635,
      0.7862403817807635,
      0.7862403817807635,
      0.7862403817807635,
      0.7862403817807635,
      0.7862403817807635
    ],
    "misaction_rate": [
      0.1485,
      0.14375,
      0.15325,
      0.146,
      0.15075,
      0.15200000000000002,
      0.15575,
      0.145,
      0.1535,
      0.15075000000000002,
      0.141,
      0.14175000000000001,
      0.16024999999999998,
      0.14575000000000002,
      0.1585,
      0.14025,
      0.1565,
      0.1485,
      0.14525,
      0.14550000000000002,
      0.15275,
      0.152,
      0.1475,
      0.141,
      0.153,
      0.15625,
      0.14975,
      0.13925,
      0.15075000000000002,
      0.149,
      0.155,
      0.154,
      0.14025,
      0.14150000000000001,
      0.152,
      0.15175,
      0.142,
      0.147,
      0.14475,
      0.14475,
      0.1535,
      0.14775,
      0.156,
      0.15200000000000002,
      0.14675000000000002,
      0.153,
      0.15200000000000002,
      0.1485,
      0.145,
      0.14725,
      0.14775,
      0.14475,
      0.14825,
      0.1545,
      0.1425,
      0.1475,
      0.156,
      0.15325,
      0.15425,
      0.15325,
      0.14875,
      0.14625,
      0.14825000000000002,
      0.1425,
      0.1565,
      0.15200000000000002,
      0.15475,
      0.14375,
      0.14075000000000001,
      0.1425,
      0.14575,
      0.15075,
      0.14400000000000002,
      0.15275,
      0.14975,
      0.154,
      0.14175000000000001,
      0.14,
      0.161,
      0.13925,
      0.15775,
      0.15925,
      0.142,
      0.145,
      0.146,
      0.1515,
      0.14075000000000001,
      0.14725,
      0.16125,
      0.15375,
      0.145,
      0.14925,
      0.15,
      0.14875,
      0.146,
      0.1485,
      0.1475,
      0.1625,
      0.14175000000000001,
      0.1475
    ],